event_moon,date_2024,date_2025,date_2026
Wolf Moon,2024-01-23,2025-01-11,2026-01-01
Wolf Moon Blue,,,2026-01-30
Snow Moon,2024-02-22,2025-02-10,
Worm Moon,2024-03-22,2025-03-12,2026-03-01
Worm Moon Blue,,,2026-03-30
Pink Moon,2024-04-21,2025-04-10,2026-04-29
Flower Moon,2024-05-21,2025-05-10,2026-05-29
Strawberry Moon,2024-06-19,2025-06-09,2026-06-27
Buck Moon,2024-07-19,2025-07-08,2026-07-27
Sturgeon Moon,2024-08-17,2025-08-07,2026-08-25
Harvest Moon,2024-09-16,2025-09-05,2026-09-24
Hunters Moon,2024-10-15,2025-10-05,2026-10-24
Beaver Moon,2024-11-13,2025-11-03,2026-11-22
Cold Moon,2024-12-13,2025-12-03,2026-12-22
